{
  "alpha_statistics": {
    "mean": 2.3027351978354584,
    "median": 2.30511885853194,
    "std": 0.39210860119865076,
    "min": 1.0034930639723707,
    "max": 3.841092596261889,
    "count": 500
  },
  "power_law_analysis": {
    "alpha": 0.5541990712948024,
    "alpha_error": 0.9627457243693248,
    "r_squared": 0.02485614234968194,
    "p_value": 0.5746854369081926,
    "fit_quality": "poor",
    "slope": -0.5541990712948024,
    "intercept": 1.461195388105001,
    "n_points": 15,
    "bin_centers": [
      1.098079715048688,
      1.2872530172013223,
      1.476426319353957,
      1.6655996215065918,
      1.854772923659226,
      2.043946225811861,
      2.2331195279644955,
      2.42229283011713,
      2.6114661322697645,
      2.800639434422399,
      2.9898127365750335,
      3.1789860387276683,
      3.368159340880303,
      3.5573326430329373,
      3.7465059451855716
    ],
    "counts": [
      4,
      8,
      18,
      33,
      52,
      68,
      77,
      75,
      62,
      44,
      27,
      15,
      7,
      3,
      1
    ],
    "log_alpha": [
      0.04063386884734071,
      0.10966391844632953,
      0.16921177849619423,
      0.22157061347672913,
      0.26829074735358205,
      0.31046946575798673,
      0.34891196935273466,
      0.3842266436859164,
      0.41688439790660153,
      0.44725719960528815,
      0.4756439876491796,
      0.5022886206115806,
      0.5273926289167313,
      0.5511244775779757,
      0.5736264260998049
    ],
    "log_counts": [
      0.6020599913279624,
      0.9030899869919435,
      1.255272505103306,
      1.5185139398778875,
      1.7160033436347992,
      1.8325089127062364,
      1.8864907251724818,
      1.8750612633917,
      1.792391689498254,
      1.6434526764861874,
      1.4313637641589874,
      1.1760912590556813,
      0.8450980400142568,
      0.47712125471966244,
      0.0
    ]
  },
  "nanoflare_detection": {
    "is_nanoflare": false,
    "detection_confidence": 0.9333246600110048,
    "alpha_above_threshold": false,
    "reason": "poor_power_law_fit",
    "threshold_comparison": {
      "measured_alpha": 0.5541990712948024,
      "alpha_error": 0.9627457243693248,
      "threshold": 2.0,
      "threshold_uncertainty": 0.03,
      "difference": -1.4458009287051976,
      "sigma_difference": -1.5010188738462946
    },
    "fit_quality": "poor",
    "z_score": -1.5010188738462946
  },
  "analysis_successful": true
}