{
  "alpha_statistics": {
    "mean": 2.0066807348793994,
    "median": 2.000801129294891,
    "std": 0.1625835129696541,
    "min": 1.570061494211112,
    "max": 2.535317513037169,
    "count": 762
  },
  "power_law_analysis": {
    "alpha": 2.760464240549056,
    "alpha_error": 1.904592042912135,
    "r_squared": 0.13911173181031783,
    "p_value": 0.17092565748776087,
    "fit_quality": "poor",
    "slope": -2.760464240549056,
    "intercept": 2.3934360935535337,
    "n_points": 15,
    "bin_centers": [
      1.602236694838647,
      1.6665870960937177,
      1.730937497348788,
      1.7952878986038585,
      1.8596382998589291,
      1.9239887011139993,
      1.98833910236907,
      2.0526895036241406,
      2.117039904879211,
      2.181390306134281,
      2.2457407073893516,
      2.3100911086444222,
      2.3744415098994924,
      2.438791911154563,
      2.5031423124096337
    ],
    "counts": [
      15,
      24,
      39,
      57,
      76,
      91,
      98,
      96,
      87,
      69,
      48,
      29,
      15,
      7,
      3
    ],
    "log_alpha": [
      0.20472667383878598,
      0.22182801488493792,
      0.23828138616158512,
      0.2541341034709521,
      0.2694284820400364,
      0.2842025172557181,
      0.2984904533655339,
      0.31232326156696,
      0.3257290442761465,
      0.3387333788454775,
      0.35135961129735566,
      0.3636291085506928,
      0.37556147598552114,
      0.38717474590918866,
      0.3984855414728847
    ],
    "log_counts": [
      1.1760912590556813,
      1.380211241711606,
      1.591064607026499,
      1.7558748556724915,
      1.8808135922807914,
      1.9590413923210936,
      1.9912260756924949,
      1.9822712330395684,
      1.9395192526186185,
      1.8388490907372552,
      1.6812412373755872,
      1.462397997898956,
      1.1760912590556813,
      0.8450980400142568,
      0.47712125471966244
    ]
  },
  "nanoflare_detection": {
    "is_nanoflare": false,
    "detection_confidence": 0.723567689624248,
    "alpha_above_threshold": true,
    "reason": "poor_power_law_fit",
    "threshold_comparison": {
      "measured_alpha": 2.760464240549056,
      "alpha_error": 1.904592042912135,
      "threshold": 1.63,
      "threshold_uncertainty": 0.03,
      "difference": 1.1304642405490561,
      "sigma_difference": 0.5934730395108774
    },
    "fit_quality": "poor",
    "z_score": 0.5934730395108774
  },
  "analysis_successful": true
}