{
  "random_forest": {
    "train_r2": 0.8830487199729485,
    "test_r2": 0.22502946879045926,
    "train_rmse": 0.05492387079357482,
    "test_rmse": 0.14982432239601406,
    "feature_importance": [
      0.01799221238222738,
      0.016161464425011988,
      0.010944286196707233,
      0.008306382990665195,
      0.018889165949115275,
      0.009835936996360373,
      0.01352290401951295,
      0.018961386433312445,
      0.015971851553642037,
      0.029103789540168207,
      0.11231512020512538,
      0.016167617239597677,
      0.012767920090766242,
      0.006138608216924983,
      0.04968356313504125,
      0.009434317904881362,
      0.013079524513484148,
      0.04115434842220196,
      0.012546350747345907,
      0.04062869035229452,
      0.02591918955530944,
      0.02761840753148119,
      0.024316921371728625,
      0.016578861442208256,
      0.011315615651150466,
      0.012109003081261858,
      0.020863883341779396,
      0.006172397856653396,
      0.0,
      0.012431410752654803,
      0.012557125016071093,
      0.0077022519020611855,
      0.03225264125234899,
      0.03363637905899902,
      0.0657245758762769,
      0.03881847671766394,
      0.10276614249801991,
      0.016305679100955626,
      0.011131279038037251,
      0.01117920444694984,
      0.020391217414985077,
      0.016603895779017254
    ]
  },
  "xgboost": {
    "train_r2": 0.3913565114349806,
    "test_r2": 0.21388702183444908,
    "train_rmse": 0.12529684547321143,
    "test_rmse": 0.1508975578305567,
    "feature_importance": [
      0.03982718288898468,
      0.02168755792081356,
      0.02645980380475521,
      0.01907210797071457,
      0.0,
      0.026159394532442093,
      0.028799274936318398,
      0.0,
      0.026237815618515015,
      0.016796354204416275,
      0.10444676131010056,
      0.0,
      0.0,
      0.0,
      0.02989429235458374,
      0.01201706938445568,
      0.02937137894332409,
      0.020080436021089554,
      0.018436193466186523,
      0.02622954733669758,
      0.01935853250324726,
      0.028127223253250122,
      0.022715315222740173,
      0.0336088091135025,
      0.0,
      0.018224220722913742,
      0.0465635284781456,
      0.025464260950684547,
      0.0,
      0.020366406068205833,
      0.023073120042681694,
      0.0,
      0.01983790472149849,
      0.02063675969839096,
      0.06466428190469742,
      0.026185426861047745,
      0.09071359783411026,
      0.02770351804792881,
      0.019533449783921242,
      0.0,
      0.021378135308623314,
      0.026330290362238884
    ]
  }
}